user,app,type,course,term,add,change
id100,A01Ia_20M_markdown,ind. github,A,Q1,52,84
id100,A02Ia_20M_nuagepoints,ind. github,A,Q1,22,29
id100,A02Ib_20M_workflow,ind. github,A,Q1,5,5
id100,A03Ga_20M_urchin,group github,A,Q1,165,199
id100,A03Ia_20M_distribution,ind. github,A,Q1,44,62
id100,A04Ia_20M_graphe_avance,ind. github,A,Q1,52,57
id100,A05Ia_20M_transformation,ind. github,A,Q1,6,6
id100,A07Ga_20M_urchin,group github,A,Q2,113,282
id100,A08Ga_20M_human_health,group github,A,Q2,165,760
id100,A08Ia_20M_pea,ind. github,A,Q2,34,51
id100,B02Ga_20M_urchin2,group github,B,Q1,47,94
id101,A01Ia_20M_markdown,ind. github,A,Q1,62,83
id101,A02Ia_20M_nuagepoints,ind. github,A,Q1,44,54
id101,A02Ib_20M_workflow,ind. github,A,Q1,28,61
id101,A03Ga_20M_urchin,group github,A,Q1,150,244
id101,A03Ia_20M_distribution,ind. github,A,Q1,65,99
id101,A04Ia_20M_graphe_avance,ind. github,A,Q1,67,84
id101,A05Ia_20M_transformation,ind. github,A,Q1,95,146
id101,A06Ga_20M_belgium_demo,group github,A,Q1,128,470
id101,A07Ga_20M_urchin,group github,A,Q2,142,396
id101,A08Ga_20M_human_health,group github,A,Q2,32,395
id101,A08Ia_20M_pea,ind. github,A,Q2,43,62
id101,A09Ia_20M_cardiovascular,ind. github,A,Q2,7,45
id101,A11Ia_20M_anova2,ind. github,A,Q2,11,115
id101,A12Ia_20M_correlation,ind. github,A,Q2,5,44
id102,A01Ia_20M_markdown,ind. github,A,Q1,53,61
id102,A02Ia_20M_nuagepoints,ind. github,A,Q1,25,44
id102,A02Ib_20M_workflow,ind. github,A,Q1,36,67
id102,A03Ga_20M_urchin,group github,A,Q1,126,262
id102,A03Ia_20M_distribution,ind. github,A,Q1,38,53
id102,A04Ia_20M_graphe_avance,ind. github,A,Q1,43,66
id102,A05Ia_20M_transformation,ind. github,A,Q1,79,103
id102,A06Ga_20M_belgium_demo,group github,A,Q1,29,96
id102,A08Ga_20M_human_health,group github,A,Q2,47,86
id102,A08Ia_20M_pea,ind. github,A,Q2,27,39
id102,A09Ia_20M_cardiovascular,ind. github,A,Q2,20,28
id102,A11Ia_20M_anova2,ind. github,A,Q2,34,61
id103,A01Ia_20M_markdown,ind. github,A,Q1,40,53
id103,A02Ia_20M_nuagepoints,ind. github,A,Q1,53,69
id103,A02Ib_20M_workflow,ind. github,A,Q1,9,62
id103,A03Ga_20M_urchin,group github,A,Q1,127,195
id103,A03Ia_20M_distribution,ind. github,A,Q1,59,69
id103,A04Ia_20M_graphe_avance,ind. github,A,Q1,39,53
id103,A05Ia_20M_transformation,ind. github,A,Q1,105,159
id103,A06Ga_20M_belgium_demo,group github,A,Q1,11,153
id103,A07Ga_20M_urchin,group github,A,Q2,176,461
id103,A08Ga_20M_human_health,group github,A,Q2,337,646
id103,A08Ia_20M_pea,ind. github,A,Q2,34,55
id103,A09Ia_20M_cardiovascular,ind. github,A,Q2,30,53
id103,A11Ia_20M_anova2,ind. github,A,Q2,79,148
id103,A12Ia_20M_correlation,ind. github,A,Q2,3,49
id104,A01Ia_20M_markdown,ind. github,A,Q1,39,47
id104,A02Ia_20M_nuagepoints,ind. github,A,Q1,84,100
id104,A02Ib_20M_workflow,ind. github,A,Q1,24,130
id104,A03Ga_20M_urchin,group github,A,Q1,258,302
id104,A03Ia_20M_distribution,ind. github,A,Q1,78,107
id104,A04Ia_20M_graphe_avance,ind. github,A,Q1,60,92
id104,A05Ia_20M_transformation,ind. github,A,Q1,139,197
id104,A06Ga_20M_belgium_demo,group github,A,Q1,176,860
id104,A07Ga_20M_urchin,group github,A,Q2,228,455
id104,A08Ga_20M_human_health,group github,A,Q2,350,1261
id104,A08Ia_20M_pea,ind. github,A,Q2,33,90
id104,A09Ia_20M_cardiovascular,ind. github,A,Q2,65,113
id104,A11Ia_20M_anova2,ind. github,A,Q2,65,206
id104,A12Ia_20M_correlation,ind. github,A,Q2,28,58
id106,A01Ia_20M_markdown,ind. github,A,Q1,23,35
id106,A02Ia_20M_nuagepoints,ind. github,A,Q1,32,44
id106,A02Ib_20M_workflow,ind. github,A,Q1,88,99
id106,A03Ga_20M_urchin,group github,A,Q1,36,38
id106,A03Ia_20M_distribution,ind. github,A,Q1,58,71
id106,A04Ia_20M_graphe_avance,ind. github,A,Q1,48,57
id106,A05Ia_20M_transformation,ind. github,A,Q1,105,134
id106,A06Ga_20M_belgium_demo,group github,A,Q1,188,351
id106,A07Ga_20M_urchin,group github,A,Q2,95,105
id106,A08Ga_20M_human_health,group github,A,Q2,322,448
id106,A08Ia_20M_pea,ind. github,A,Q2,14,21
id106,A09Ia_20M_cardiovascular,ind. github,A,Q2,21,34
id106,A11Ia_20M_anova2,ind. github,A,Q2,79,117
id106,A12Ia_20M_correlation,ind. github,A,Q2,2,31
id107,A01Ia_20M_markdown,ind. github,A,Q1,40,52
id107,A02Ia_20M_nuagepoints,ind. github,A,Q1,21,34
id107,A02Ib_20M_workflow,ind. github,A,Q1,9,48
id107,A03Ga_20M_urchin,group github,A,Q1,170,262
id107,A03Ia_20M_distribution,ind. github,A,Q1,35,58
id107,A05Ia_20M_transformation,ind. github,A,Q1,88,117
id107,A06Ga_20M_belgium_demo,group github,A,Q1,193,552
id107,A07Ga_20M_urchin,group github,A,Q2,215,434
id107,A08Ga_20M_human_health,group github,A,Q2,139,391
id107,A08Ia_20M_pea,ind. github,A,Q2,32,44
id107,A09Ia_20M_cardiovascular,ind. github,A,Q2,3,29
id107,A11Ia_20M_anova2,ind. github,A,Q2,51,79
id107,A12Ia_20M_correlation,ind. github,A,Q2,2,57
id108,A01Ia_20M_markdown,ind. github,A,Q1,20,42
id108,A02Ia_20M_nuagepoints,ind. github,A,Q1,39,57
id108,A03Ga_20M_urchin,group github,A,Q1,194,361
id108,A03Ia_20M_distribution,ind. github,A,Q1,95,128
id108,A04Ia_20M_graphe_avance,ind. github,A,Q1,54,79
id108,A05Ia_20M_transformation,ind. github,A,Q1,94,123
id108,A06Ga_20M_belgium_demo,group github,A,Q1,104,425
id108,A07Ga_20M_urchin,group github,A,Q2,83,188
id108,A08Ga_20M_human_health,group github,A,Q2,136,199
id108,A08Ia_20M_pea,ind. github,A,Q2,45,56
id108,A09Ia_20M_cardiovascular,ind. github,A,Q2,5,47
id108,A11Ia_20M_anova2,ind. github,A,Q2,85,138
id108,A12Ia_20M_correlation,ind. github,A,Q2,23,41
id109,A01Ia_20M_markdown,ind. github,A,Q1,67,104
id109,A02Ia_20M_nuagepoints,ind. github,A,Q1,47,72
id109,A02Ib_20M_workflow,ind. github,A,Q1,89,131
id109,A03Ga_20M_urchin,group github,A,Q1,16,22
id109,A03Ia_20M_distribution,ind. github,A,Q1,52,83
id109,A04Ia_20M_graphe_avance,ind. github,A,Q1,80,107
id109,A05Ia_20M_transformation,ind. github,A,Q1,172,290
id109,A06Ga_20M_belgium_demo,group github,A,Q1,70,111
id109,A07Ga_20M_urchin,group github,A,Q2,166,217
id109,A08Ga_20M_human_health,group github,A,Q2,459,826
id109,A08Ia_20M_pea,ind. github,A,Q2,26,41
id109,A09Ia_20M_cardiovascular,ind. github,A,Q2,22,42
id109,A11Ia_20M_anova2,ind. github,A,Q2,62,119
id109,A12Ia_20M_correlation,ind. github,A,Q2,4,30
id110,A01Ia_20M_markdown,ind. github,A,Q1,50,57
id110,A02Ia_20M_nuagepoints,ind. github,A,Q1,43,57
id110,A02Ib_20M_workflow,ind. github,A,Q1,36,67
id110,A03Ga_20M_urchin,group github,A,Q1,89,194
id110,A03Ia_20M_distribution,ind. github,A,Q1,37,40
id110,A04Ia_20M_graphe_avance,ind. github,A,Q1,43,69
id110,A05Ia_20M_transformation,ind. github,A,Q1,64,83
id110,A06Ga_20M_belgium_demo,group github,A,Q1,39,364
id110,A07Ga_20M_urchin,group github,A,Q2,70,298
id110,A08Ga_20M_human_health,group github,A,Q2,320,1137
id110,A08Ia_20M_pea,ind. github,A,Q2,26,41
id110,A09Ia_20M_cardiovascular,ind. github,A,Q2,5,39
id110,A11Ia_20M_anova2,ind. github,A,Q2,34,125
id110,A12Ia_20M_correlation,ind. github,A,Q2,6,81
id111,A01Ia_20M_markdown,ind. github,A,Q1,23,35
id111,A02Ia_20M_nuagepoints,ind. github,A,Q1,16,25
id111,A02Ib_20M_workflow,ind. github,A,Q1,12,70
id111,A03Ga_20M_urchin,group github,A,Q1,67,140
id111,A03Ia_20M_distribution,ind. github,A,Q1,39,60
id111,A04Ia_20M_graphe_avance,ind. github,A,Q1,37,66
id111,A05Ia_20M_transformation,ind. github,A,Q1,79,103
id111,A06Ga_20M_belgium_demo,group github,A,Q1,61,159
id111,A07Ga_20M_urchin,group github,A,Q2,74,186
id111,A08Ga_20M_human_health,group github,A,Q2,61,417
id111,A08Ia_20M_pea,ind. github,A,Q2,27,43
id111,A09Ia_20M_cardiovascular,ind. github,A,Q2,21,28
id111,A11Ia_20M_anova2,ind. github,A,Q2,51,102
id111,A12Ia_20M_correlation,ind. github,A,Q2,34,46
id112,A01Ia_20M_markdown,ind. github,A,Q1,38,49
id112,A02Ia_20M_nuagepoints,ind. github,A,Q1,27,37
id112,A02Ib_20M_workflow,ind. github,A,Q1,17,92
id112,A03Ga_20M_urchin,group github,A,Q1,322,584
id112,A03Ia_20M_distribution,ind. github,A,Q1,40,60
id112,A04Ia_20M_graphe_avance,ind. github,A,Q1,51,62
id112,A05Ia_20M_transformation,ind. github,A,Q1,76,108
id112,A06Ga_20M_belgium_demo,group github,A,Q1,84,104
id112,A07Ga_20M_urchin,group github,A,Q2,168,294
id112,A08Ga_20M_human_health,group github,A,Q2,213,449
id112,A08Ia_20M_pea,ind. github,A,Q2,19,30
id112,A09Ia_20M_cardiovascular,ind. github,A,Q2,4,36
id112,A11Ia_20M_anova2,ind. github,A,Q2,6,91
id112,A12Ia_20M_correlation,ind. github,A,Q2,5,59
id113,A01Ia_20M_markdown,ind. github,A,Q1,25,25
id113,A02Ia_20M_nuagepoints,ind. github,A,Q1,17,30
id113,A02Ib_20M_workflow,ind. github,A,Q1,4,46
id113,A03Ga_20M_urchin,group github,A,Q1,54,85
id113,A03Ia_20M_distribution,ind. github,A,Q1,29,75
id113,A04Ia_20M_graphe_avance,ind. github,A,Q1,39,56
id113,A05Ia_20M_transformation,ind. github,A,Q1,85,125
id113,A06Ga_20M_belgium_demo,group github,A,Q1,96,282
id113,A07Ga_20M_urchin,group github,A,Q2,135,208
id113,A08Ga_20M_human_health,group github,A,Q2,286,423
id113,A08Ia_20M_pea,ind. github,A,Q2,28,47
id113,A09Ia_20M_cardiovascular,ind. github,A,Q2,15,31
id113,A11Ia_20M_anova2,ind. github,A,Q2,37,106
id113,A12Ia_20M_correlation,ind. github,A,Q2,18,26
id114,A01Ia_20M_markdown,ind. github,A,Q1,71,83
id114,A02Ia_20M_nuagepoints,ind. github,A,Q1,48,66
id114,A02Ib_20M_workflow,ind. github,A,Q1,22,48
id114,A03Ga_20M_urchin,group github,A,Q1,133,265
id114,A03Ia_20M_distribution,ind. github,A,Q1,29,76
id114,A04Ia_20M_graphe_avance,ind. github,A,Q1,20,60
id114,A05Ia_20M_transformation,ind. github,A,Q1,96,120
id114,A06Ga_20M_belgium_demo,group github,A,Q1,63,103
id114,A07Ga_20M_urchin,group github,A,Q2,28,56
id114,A08Ga_20M_human_health,group github,A,Q2,166,388
id114,A08Ia_20M_pea,ind. github,A,Q2,43,61
id114,A09Ia_20M_cardiovascular,ind. github,A,Q2,26,45
id114,A11Ia_20M_anova2,ind. github,A,Q2,86,186
id114,A12Ia_20M_correlation,ind. github,A,Q2,2,38
id115,A01Ia_20M_markdown,ind. github,A,Q1,46,53
id115,A02Ia_20M_nuagepoints,ind. github,A,Q1,21,35
id115,A02Ib_20M_workflow,ind. github,A,Q1,7,57
id115,A03Ga_20M_urchin,group github,A,Q1,159,369
id115,A03Ia_20M_distribution,ind. github,A,Q1,56,72
id115,A04Ia_20M_graphe_avance,ind. github,A,Q1,37,59
id115,A05Ia_20M_transformation,ind. github,A,Q1,80,113
id115,A06Ga_20M_belgium_demo,group github,A,Q1,112,245
id115,A07Ga_20M_urchin,group github,A,Q2,99,125
id115,A08Ga_20M_human_health,group github,A,Q2,484,754
id115,A08Ia_20M_pea,ind. github,A,Q2,23,35
id115,A09Ia_20M_cardiovascular,ind. github,A,Q2,23,51
id115,A11Ia_20M_anova2,ind. github,A,Q2,28,63
id115,A12Ia_20M_correlation,ind. github,A,Q2,3,52
id122,A01Ia_20M_markdown,ind. github,A,Q1,51,56
id122,A03Ia_20M_distribution,ind. github,A,Q1,36,48
id122,A05Ia_20M_transformation,ind. github,A,Q1,61,81
id122,A06Ga_20M_belgium_demo,group github,A,Q1,370,920
id122,A07Ga_20M_urchin,group github,A,Q2,96,166
id122,A08Ga_20M_human_health,group github,A,Q2,48,166
id122,A08Ia_20M_pea,ind. github,A,Q2,25,42
id122,A11Ia_20M_anova2,ind. github,A,Q2,41,61
id122,A12Ia_20M_correlation,ind. github,A,Q2,16,26
id140,A01Ia_20M_markdown,ind. github,A,Q1,42,52
id140,A02Ia_20M_nuagepoints,ind. github,A,Q1,23,33
id140,A02Ib_20M_workflow,ind. github,A,Q1,18,42
id140,A03Ga_20M_urchin,group github,A,Q1,52,95
id140,A03Ia_20M_distribution,ind. github,A,Q1,49,52
id140,A04Ia_20M_graphe_avance,ind. github,A,Q1,37,45
id140,A05Ia_20M_transformation,ind. github,A,Q1,49,93
id140,A06Ga_20M_belgium_demo,group github,A,Q1,97,293
id140,A08Ga_20M_human_health,group github,A,Q2,117,232
id140,A08Ia_20M_pea,ind. github,A,Q2,29,39
id140,A11Ia_20M_anova2,ind. github,A,Q2,6,84
id140,A12Ia_20M_correlation,ind. github,A,Q2,2,24
id141,A01Ia_20M_markdown,ind. github,A,Q1,60,92
id141,A02Ia_20M_nuagepoints,ind. github,A,Q1,50,66
id141,A02Ib_20M_workflow,ind. github,A,Q1,56,155
id141,A03Ga_20M_urchin,group github,A,Q1,235,357
id141,A03Ia_20M_distribution,ind. github,A,Q1,60,80
id141,A04Ia_20M_graphe_avance,ind. github,A,Q1,92,114
id141,A05Ia_20M_transformation,ind. github,A,Q1,135,206
id141,A06Ga_20M_belgium_demo,group github,A,Q1,251,723
id141,A07Ga_20M_urchin,group github,A,Q2,351,853
id141,A08Ga_20M_human_health,group github,A,Q2,324,443
id141,A08Ia_20M_pea,ind. github,A,Q2,30,41
id141,A09Ia_20M_cardiovascular,ind. github,A,Q2,20,54
id141,A11Ia_20M_anova2,ind. github,A,Q2,125,210
id141,A12Ia_20M_correlation,ind. github,A,Q2,13,80
id144,A01Ia_20M_markdown,ind. github,A,Q1,79,105
id144,A02Ia_20M_nuagepoints,ind. github,A,Q1,52,76
id144,A02Ib_20M_workflow,ind. github,A,Q1,4,67
id144,A03Ga_20M_urchin,group github,A,Q1,351,735
id144,A03Ia_20M_distribution,ind. github,A,Q1,97,136
id144,A04Ia_20M_graphe_avance,ind. github,A,Q1,51,90
id144,A05Ia_20M_transformation,ind. github,A,Q1,129,182
id144,A06Ga_20M_belgium_demo,group github,A,Q1,213,702
id144,A07Ga_20M_urchin,group github,A,Q2,185,824
id144,A08Ga_20M_human_health,group github,A,Q2,607,1880
id144,A08Ia_20M_pea,ind. github,A,Q2,43,56
id144,A09Ia_20M_cardiovascular,ind. github,A,Q2,28,34
id144,A11Ia_20M_anova2,ind. github,A,Q2,77,101
id144,A12Ia_20M_correlation,ind. github,A,Q2,21,27
id145,A02Ia_20M_nuagepoints,ind. github,A,Q1,55,102
id145,A02Ib_20M_workflow,ind. github,A,Q1,7,86
id145,A03Ga_20M_urchin,group github,A,Q1,238,796
id145,A03Ia_20M_distribution,ind. github,A,Q1,35,117
id145,A04Ia_20M_graphe_avance,ind. github,A,Q1,43,165
id145,A05Ia_20M_transformation,ind. github,A,Q1,89,217
id145,A06Ga_20M_belgium_demo,group github,A,Q1,118,2027
id145,A07Ga_20M_urchin,group github,A,Q2,137,513
id145,A08Ga_20M_human_health,group github,A,Q2,619,1710
id145,A08Ia_20M_pea,ind. github,A,Q2,29,37
id145,A09Ia_20M_cardiovascular,ind. github,A,Q2,54,96
id145,A11Ia_20M_anova2,ind. github,A,Q2,48,153
id145,A12Ia_20M_correlation,ind. github,A,Q2,5,52
id146,A01Ia_20M_markdown,ind. github,A,Q1,16,19
id146,A02Ia_20M_nuagepoints,ind. github,A,Q1,46,61
id146,A02Ib_20M_workflow,ind. github,A,Q1,72,108
id146,A03Ga_20M_urchin,group github,A,Q1,58,139
id146,A03Ia_20M_distribution,ind. github,A,Q1,63,77
id146,A04Ia_20M_graphe_avance,ind. github,A,Q1,70,83
id146,A05Ia_20M_transformation,ind. github,A,Q1,35,103
id146,A06Ga_20M_belgium_demo,group github,A,Q1,58,145
id146,A07Ga_20M_urchin,group github,A,Q2,151,254
id146,A08Ga_20M_human_health,group github,A,Q2,295,583
id146,A08Ia_20M_pea,ind. github,A,Q2,27,39
id146,A09Ia_20M_cardiovascular,ind. github,A,Q2,2,25
id146,A11Ia_20M_anova2,ind. github,A,Q2,40,91
id146,A12Ia_20M_correlation,ind. github,A,Q2,20,29
id147,A01Ia_20M_markdown,ind. github,A,Q1,55,61
id147,A02Ia_20M_nuagepoints,ind. github,A,Q1,21,32
id147,A02Ib_20M_workflow,ind. github,A,Q1,9,59
id147,A03Ga_20M_urchin,group github,A,Q1,197,329
id147,A03Ia_20M_distribution,ind. github,A,Q1,43,70
id147,A04Ia_20M_graphe_avance,ind. github,A,Q1,64,77
id147,A05Ia_20M_transformation,ind. github,A,Q1,64,100
id147,A06Ga_20M_belgium_demo,group github,A,Q1,151,258
id147,A07Ga_20M_urchin,group github,A,Q2,178,458
id147,A08Ga_20M_human_health,group github,A,Q2,220,743
id147,A08Ia_20M_pea,ind. github,A,Q2,38,53
id147,A09Ia_20M_cardiovascular,ind. github,A,Q2,37,48
id147,A11Ia_20M_anova2,ind. github,A,Q2,60,97
id147,A12Ia_20M_correlation,ind. github,A,Q2,59,82
id148,A01Ia_20M_markdown,ind. github,A,Q1,37,48
id148,A02Ia_20M_nuagepoints,ind. github,A,Q1,24,34
id148,A02Ib_20M_workflow,ind. github,A,Q1,19,70
id148,A03Ga_20M_urchin,group github,A,Q1,99,111
id148,A03Ia_20M_distribution,ind. github,A,Q1,96,117
id148,A04Ia_20M_graphe_avance,ind. github,A,Q1,53,63
id148,A05Ia_20M_transformation,ind. github,A,Q1,76,136
id148,A06Ga_20M_belgium_demo,group github,A,Q1,70,126
id148,A07Ga_20M_urchin,group github,A,Q2,59,87
id148,A08Ga_20M_human_health,group github,A,Q2,241,745
id148,A08Ia_20M_pea,ind. github,A,Q2,21,32
id148,A09Ia_20M_cardiovascular,ind. github,A,Q2,4,29
id148,A11Ia_20M_anova2,ind. github,A,Q2,33,82
id148,A12Ia_20M_correlation,ind. github,A,Q2,2,22
id149,A01Ia_20M_markdown,ind. github,A,Q1,53,71
id149,A02Ia_20M_nuagepoints,ind. github,A,Q1,28,38
id149,A02Ib_20M_workflow,ind. github,A,Q1,42,120
id149,A03Ga_20M_urchin,group github,A,Q1,150,177
id149,A03Ia_20M_distribution,ind. github,A,Q1,52,62
id149,A04Ia_20M_graphe_avance,ind. github,A,Q1,77,115
id149,A05Ia_20M_transformation,ind. github,A,Q1,93,122
id149,A06Ga_20M_belgium_demo,group github,A,Q1,171,310
id149,A07Ga_20M_urchin,group github,A,Q2,195,320
id149,A08Ga_20M_human_health,group github,A,Q2,310,648
id149,A08Ia_20M_pea,ind. github,A,Q2,24,36
id149,A09Ia_20M_cardiovascular,ind. github,A,Q2,31,36
id149,A11Ia_20M_anova2,ind. github,A,Q2,27,100
id149,A12Ia_20M_correlation,ind. github,A,Q2,41,47
id151,A01Ia_20M_markdown,ind. github,A,Q1,42,53
id151,A02Ia_20M_nuagepoints,ind. github,A,Q1,27,44
id151,A02Ib_20M_workflow,ind. github,A,Q1,7,69
id151,A03Ga_20M_urchin,group github,A,Q1,115,164
id151,A03Ia_20M_distribution,ind. github,A,Q1,105,139
id151,A04Ia_20M_graphe_avance,ind. github,A,Q1,62,82
id151,A05Ia_20M_transformation,ind. github,A,Q1,96,131
id151,A06Ga_20M_belgium_demo,group github,A,Q1,32,171
id151,A07Ga_20M_urchin,group github,A,Q2,112,327
id151,A08Ga_20M_human_health,group github,A,Q2,353,611
id151,A08Ia_20M_pea,ind. github,A,Q2,28,41
id151,A09Ia_20M_cardiovascular,ind. github,A,Q2,28,38
id151,A11Ia_20M_anova2,ind. github,A,Q2,131,185
id151,A12Ia_20M_correlation,ind. github,A,Q2,59,83
id152,A01Ia_20M_markdown,ind. github,A,Q1,31,52
id152,A02Ia_20M_nuagepoints,ind. github,A,Q1,21,31
id152,A02Ib_20M_workflow,ind. github,A,Q1,6,55
id152,A03Ga_20M_urchin,group github,A,Q1,109,148
id152,A03Ia_20M_distribution,ind. github,A,Q1,61,79
id152,A04Ia_20M_graphe_avance,ind. github,A,Q1,54,83
id152,A05Ia_20M_transformation,ind. github,A,Q1,74,99
id152,A06Ga_20M_belgium_demo,group github,A,Q1,233,339
id152,A07Ga_20M_urchin,group github,A,Q2,166,339
id152,A08Ga_20M_human_health,group github,A,Q2,231,615
id152,A08Ia_20M_pea,ind. github,A,Q2,45,54
id152,A09Ia_20M_cardiovascular,ind. github,A,Q2,2,26
id152,A11Ia_20M_anova2,ind. github,A,Q2,43,97
id152,A12Ia_20M_correlation,ind. github,A,Q2,36,43
id153,A01Ia_20M_markdown,ind. github,A,Q1,22,28
id153,A02Ia_20M_nuagepoints,ind. github,A,Q1,42,53
id153,A02Ib_20M_workflow,ind. github,A,Q1,7,55
id153,A03Ga_20M_urchin,group github,A,Q1,69,89
id153,A03Ia_20M_distribution,ind. github,A,Q1,33,80
id153,A04Ia_20M_graphe_avance,ind. github,A,Q1,91,110
id153,A05Ia_20M_transformation,ind. github,A,Q1,72,87
id153,A06Ga_20M_belgium_demo,group github,A,Q1,161,323
id153,A07Ga_20M_urchin,group github,A,Q2,55,78
id153,A08Ga_20M_human_health,group github,A,Q2,393,602
id153,A08Ia_20M_pea,ind. github,A,Q2,24,36
id153,A09Ia_20M_cardiovascular,ind. github,A,Q2,22,45
id153,A11Ia_20M_anova2,ind. github,A,Q2,51,82
id153,A12Ia_20M_correlation,ind. github,A,Q2,24,31
id154,A01Ia_20M_markdown,ind. github,A,Q1,79,137
id154,A02Ia_20M_nuagepoints,ind. github,A,Q1,47,64
id154,A02Ib_20M_workflow,ind. github,A,Q1,104,583
id154,A03Ga_20M_urchin,group github,A,Q1,183,260
id154,A03Ia_20M_distribution,ind. github,A,Q1,83,110
id154,A04Ia_20M_graphe_avance,ind. github,A,Q1,77,119
id154,A05Ia_20M_transformation,ind. github,A,Q1,114,176
id154,A06Ga_20M_belgium_demo,group github,A,Q1,65,79
id154,A07Ga_20M_urchin,group github,A,Q2,151,371
id154,A08Ga_20M_human_health,group github,A,Q2,144,222
id154,A08Ia_20M_pea,ind. github,A,Q2,43,54
id154,A09Ia_20M_cardiovascular,ind. github,A,Q2,45,56
id154,A11Ia_20M_anova2,ind. github,A,Q2,47,74
id154,A12Ia_20M_correlation,ind. github,A,Q2,34,41
id155,A01Ia_20M_markdown,ind. github,A,Q1,70,128
id155,A02Ia_20M_nuagepoints,ind. github,A,Q1,31,42
id155,A02Ib_20M_workflow,ind. github,A,Q1,15,115
id155,A03Ga_20M_urchin,group github,A,Q1,292,644
id155,A03Ia_20M_distribution,ind. github,A,Q1,42,61
id155,A04Ia_20M_graphe_avance,ind. github,A,Q1,34,70
id155,A05Ia_20M_transformation,ind. github,A,Q1,111,119
id155,A06Ga_20M_belgium_demo,group github,A,Q1,109,208
id155,A07Ga_20M_urchin,group github,A,Q2,142,349
id155,A08Ga_20M_human_health,group github,A,Q2,359,701
id155,A08Ia_20M_pea,ind. github,A,Q2,31,40
id155,A09Ia_20M_cardiovascular,ind. github,A,Q2,26,32
id155,A11Ia_20M_anova2,ind. github,A,Q2,46,100
id155,A12Ia_20M_correlation,ind. github,A,Q2,10,121
id158,A01Ia_20M_markdown,ind. github,A,Q1,54,70
id158,A02Ia_20M_nuagepoints,ind. github,A,Q1,47,64
id158,A02Ib_20M_workflow,ind. github,A,Q1,39,80
id158,A03Ga_20M_urchin,group github,A,Q1,92,128
id158,A03Ia_20M_distribution,ind. github,A,Q1,64,72
id158,A04Ia_20M_graphe_avance,ind. github,A,Q1,69,81
id158,A05Ia_20M_transformation,ind. github,A,Q1,103,140
id158,A06Ga_20M_belgium_demo,group github,A,Q1,254,466
id158,A07Ga_20M_urchin,group github,A,Q2,148,234
id158,A08Ga_20M_human_health,group github,A,Q2,328,672
id158,A08Ia_20M_pea,ind. github,A,Q2,22,37
id158,A09Ia_20M_cardiovascular,ind. github,A,Q2,9,46
id158,A11Ia_20M_anova2,ind. github,A,Q2,39,137
id158,A12Ia_20M_correlation,ind. github,A,Q2,33,43
id159,A01Ia_20M_markdown,ind. github,A,Q1,76,109
id159,A02Ia_20M_nuagepoints,ind. github,A,Q1,57,81
id159,A02Ib_20M_workflow,ind. github,A,Q1,66,107
id159,A03Ga_20M_urchin,group github,A,Q1,27,30
id159,A03Ia_20M_distribution,ind. github,A,Q1,96,158
id159,A04Ia_20M_graphe_avance,ind. github,A,Q1,93,141
id159,A05Ia_20M_transformation,ind. github,A,Q1,173,273
id159,A06Ga_20M_belgium_demo,group github,A,Q1,64,77
id159,A07Ga_20M_urchin,group github,A,Q2,73,96
id159,A08Ga_20M_human_health,group github,A,Q2,213,491
id159,A08Ia_20M_pea,ind. github,A,Q2,42,53
id159,A09Ia_20M_cardiovascular,ind. github,A,Q2,32,43
id159,A11Ia_20M_anova2,ind. github,A,Q2,59,147
id159,A12Ia_20M_correlation,ind. github,A,Q2,36,50
id160,A01Ia_20M_markdown,ind. github,A,Q1,57,66
id160,A02Ia_20M_nuagepoints,ind. github,A,Q1,37,46
id160,A02Ib_20M_workflow,ind. github,A,Q1,18,47
id160,A03Ga_20M_urchin,group github,A,Q1,83,104
id160,A03Ia_20M_distribution,ind. github,A,Q1,40,49
id160,A04Ia_20M_graphe_avance,ind. github,A,Q1,52,70
id160,A05Ia_20M_transformation,ind. github,A,Q1,88,121
id160,A06Ga_20M_belgium_demo,group github,A,Q1,115,137
id160,A07Ga_20M_urchin,group github,A,Q2,36,56
id160,A08Ga_20M_human_health,group github,A,Q2,68,258
id160,A08Ia_20M_pea,ind. github,A,Q2,38,63
id160,A09Ia_20M_cardiovascular,ind. github,A,Q2,24,33
id160,A11Ia_20M_anova2,ind. github,A,Q2,24,55
id160,A12Ia_20M_correlation,ind. github,A,Q2,28,49
id161,A01Ia_20M_markdown,ind. github,A,Q1,40,52
id161,A02Ia_20M_nuagepoints,ind. github,A,Q1,17,23
id161,A03Ga_20M_urchin,group github,A,Q1,10,14
id161,A04Ia_20M_graphe_avance,ind. github,A,Q1,36,45
id161,A05Ia_20M_transformation,ind. github,A,Q1,9,15
id161,A06Ga_20M_belgium_demo,group github,A,Q1,45,95
id161,A08Ga_20M_human_health,group github,A,Q2,72,116
id161,A08Ia_20M_pea,ind. github,A,Q2,17,30
id161,A09Ia_20M_cardiovascular,ind. github,A,Q2,13,20
id161,A11Ia_20M_anova2,ind. github,A,Q2,6,30
id162,A01Ia_20M_markdown,ind. github,A,Q1,40,59
id164,A01Ia_20M_markdown,ind. github,A,Q1,41,55
id164,A02Ia_20M_nuagepoints,ind. github,A,Q1,33,46
id164,A02Ib_20M_workflow,ind. github,A,Q1,7,60
id164,A03Ia_20M_distribution,ind. github,A,Q1,50,65
id165,A01Ia_20M_markdown,ind. github,A,Q1,44,56
id165,A02Ia_20M_nuagepoints,ind. github,A,Q1,26,38
id165,A02Ib_20M_workflow,ind. github,A,Q1,52,119
id165,A03Ga_20M_urchin,group github,A,Q1,32,49
id165,A03Ia_20M_distribution,ind. github,A,Q1,39,76
id165,A04Ia_20M_graphe_avance,ind. github,A,Q1,52,111
id165,A05Ia_20M_transformation,ind. github,A,Q1,96,125
id165,A07Ga_20M_urchin,group github,A,Q2,54,94
id165,A08Ga_20M_human_health,group github,A,Q2,129,193
id165,A08Ia_20M_pea,ind. github,A,Q2,35,66
id165,A09Ia_20M_cardiovascular,ind. github,A,Q2,41,49
id165,A12Ia_20M_correlation,ind. github,A,Q2,35,43
id166,A01Ia_20M_markdown,ind. github,A,Q1,59,94
id166,A02Ia_20M_nuagepoints,ind. github,A,Q1,36,52
id166,A02Ib_20M_workflow,ind. github,A,Q1,45,90
id166,A03Ga_20M_urchin,group github,A,Q1,153,336
id166,A03Ia_20M_distribution,ind. github,A,Q1,62,76
id166,A04Ia_20M_graphe_avance,ind. github,A,Q1,66,94
id166,A05Ia_20M_transformation,ind. github,A,Q1,89,127
id166,A06Ga_20M_belgium_demo,group github,A,Q1,65,91
id166,A07Ga_20M_urchin,group github,A,Q2,627,1547
id166,A08Ga_20M_human_health,group github,A,Q2,447,576
id166,A08Ia_20M_pea,ind. github,A,Q2,31,50
id166,A09Ia_20M_cardiovascular,ind. github,A,Q2,32,39
id166,A11Ia_20M_anova2,ind. github,A,Q2,17,94
id166,A12Ia_20M_correlation,ind. github,A,Q2,26,46
id167,A01Ia_20M_markdown,ind. github,A,Q1,93,145
id167,A02Ia_20M_nuagepoints,ind. github,A,Q1,73,96
id167,A02Ib_20M_workflow,ind. github,A,Q1,8,55
id167,A03Ia_20M_distribution,ind. github,A,Q1,48,91
id167,A04Ia_20M_graphe_avance,ind. github,A,Q1,45,119
id167,A05Ia_20M_transformation,ind. github,A,Q1,11,18
id167,A07Ga_20M_urchin,group github,A,Q2,212,675
id167,A08Ga_20M_human_health,group github,A,Q2,260,709
id167,A08Ia_20M_pea,ind. github,A,Q2,43,75
id167,A09Ia_20M_cardiovascular,ind. github,A,Q2,36,47
id167,A11Ia_20M_anova2,ind. github,A,Q2,118,151
id167,A12Ia_20M_correlation,ind. github,A,Q2,67,78
id26,B01Ia_20M_reglin1,ind. github,B,Q1,47,61
id26,B02Ga_20M_urchin2,group github,B,Q1,95,409
id26,B02Ia_20M_anscombe,ind. github,B,Q1,65,232
id26,B02Ib_20M_achatina,ind. github,B,Q1,57,135
id26,B03Ia_20M_ovocyte,ind. github,B,Q1,38,94
id26,B03Ib_20M_human,ind. github,B,Q1,110,350
id26,B04Ia_20M_speed_reaction,ind. github,B,Q1,23,28
id26,B04Ib_20M_bacterial_growth,ind. github,B,Q1,45,56
id26,B05Ia_20M_ligurian_sea,ind. github,B,Q2,33,131
id26,B06Ia_20M_fish_market,ind. github,B,Q2,90,265
id26,B07Ga_20M_doubs,group github,B,Q2,134,483
id26,B07Ia_20M_acp_afc,ind. github,B,Q2,23,113
id26,B08Ia_20M_mfa,ind. github,B,Q2,35,83
id27,B01Ia_20M_reglin1,ind. github,B,Q1,50,66
id27,B02Ga_20M_urchin2,group github,B,Q1,101,120
id27,B02Ia_20M_anscombe,ind. github,B,Q1,71,151
id27,B02Ib_20M_achatina,ind. github,B,Q1,77,175
id27,B03Ia_20M_ovocyte,ind. github,B,Q1,36,70
id27,B03Ib_20M_human,ind. github,B,Q1,27,57
id27,B04Ia_20M_speed_reaction,ind. github,B,Q1,35,68
id27,B04Ib_20M_bacterial_growth,ind. github,B,Q1,54,61
id27,B05Ia_20M_ligurian_sea,ind. github,B,Q2,106,189
id27,B06Ia_20M_fish_market,ind. github,B,Q2,142,340
id27,B07Ga_20M_doubs,group github,B,Q2,24,30
id27,B07Ia_20M_acp_afc,ind. github,B,Q2,58,117
id27,B08Ia_20M_mfa,ind. github,B,Q2,52,78
id28,B01Ia_20M_reglin1,ind. github,B,Q1,89,120
id28,B02Ga_20M_urchin2,group github,B,Q1,95,152
id28,B02Ia_20M_anscombe,ind. github,B,Q1,85,207
id28,B02Ib_20M_achatina,ind. github,B,Q1,84,375
id28,B03Ia_20M_ovocyte,ind. github,B,Q1,38,96
id28,B04Ia_20M_speed_reaction,ind. github,B,Q1,17,76
id28,B04Ib_20M_bacterial_growth,ind. github,B,Q1,6,51
id28,B05Ia_20M_ligurian_sea,ind. github,B,Q2,37,139
id28,B06Ia_20M_fish_market,ind. github,B,Q2,128,257
id28,B07Ga_20M_doubs,group github,B,Q2,174,372
id28,B07Ia_20M_acp_afc,ind. github,B,Q2,73,169
id28,B08Ia_20M_mfa,ind. github,B,Q2,41,96
id29,B01Ia_20M_reglin1,ind. github,B,Q1,49,68
id29,B02Ga_20M_urchin2,group github,B,Q1,231,509
id29,B02Ia_20M_anscombe,ind. github,B,Q1,130,210
id29,B02Ib_20M_achatina,ind. github,B,Q1,19,280
id29,B03Ia_20M_ovocyte,ind. github,B,Q1,48,96
id29,B03Ib_20M_human,ind. github,B,Q1,244,754
id29,B04Ia_20M_speed_reaction,ind. github,B,Q1,78,97
id29,B04Ib_20M_bacterial_growth,ind. github,B,Q1,46,128
id29,B05Ia_20M_ligurian_sea,ind. github,B,Q2,83,165
id29,B06Ia_20M_fish_market,ind. github,B,Q2,82,229
id29,B07Ga_20M_doubs,group github,B,Q2,116,321
id29,B07Ia_20M_acp_afc,ind. github,B,Q2,24,113
id29,B08Ia_20M_mfa,ind. github,B,Q2,19,135
id30,B01Ia_20M_reglin1,ind. github,B,Q1,50,69
id30,B02Ga_20M_urchin2,group github,B,Q1,124,386
id30,B02Ia_20M_anscombe,ind. github,B,Q1,45,152
id30,B02Ib_20M_achatina,ind. github,B,Q1,56,102
id30,B03Ia_20M_ovocyte,ind. github,B,Q1,47,83
id30,B03Ib_20M_human,ind. github,B,Q1,222,332
id30,B04Ia_20M_speed_reaction,ind. github,B,Q1,39,68
id30,B04Ib_20M_bacterial_growth,ind. github,B,Q1,71,92
id30,B05Ia_20M_ligurian_sea,ind. github,B,Q2,77,161
id30,B06Ia_20M_fish_market,ind. github,B,Q2,93,240
id30,B07Ga_20M_doubs,group github,B,Q2,195,254
id30,B07Ia_20M_acp_afc,ind. github,B,Q2,27,105
id30,B08Ia_20M_mfa,ind. github,B,Q2,85,185
id31,B01Ia_20M_reglin1,ind. github,B,Q1,56,86
id31,B02Ga_20M_urchin2,group github,B,Q1,136,336
id31,B02Ia_20M_anscombe,ind. github,B,Q1,89,224
id31,B02Ib_20M_achatina,ind. github,B,Q1,60,525
id31,B03Ia_20M_ovocyte,ind. github,B,Q1,75,151
id31,B04Ia_20M_speed_reaction,ind. github,B,Q1,27,32
id31,B04Ib_20M_bacterial_growth,ind. github,B,Q1,40,43
id31,B05Ia_20M_ligurian_sea,ind. github,B,Q2,12,115
id31,B06Ia_20M_fish_market,ind. github,B,Q2,127,380
id31,B07Ga_20M_doubs,group github,B,Q2,213,1115
id31,B07Ia_20M_acp_afc,ind. github,B,Q2,66,258
id31,B08Ia_20M_mfa,ind. github,B,Q2,7,127
id32,B01Ia_20M_reglin1,ind. github,B,Q1,67,89
id32,B02Ga_20M_urchin2,group github,B,Q1,137,302
id32,B02Ia_20M_anscombe,ind. github,B,Q1,85,193
id32,B02Ib_20M_achatina,ind. github,B,Q1,81,246
id32,B03Ia_20M_ovocyte,ind. github,B,Q1,82,120
id32,B03Ib_20M_human,ind. github,B,Q1,201,319
id32,B04Ia_20M_speed_reaction,ind. github,B,Q1,43,71
id32,B04Ib_20M_bacterial_growth,ind. github,B,Q1,44,87
id32,B05Ia_20M_ligurian_sea,ind. github,B,Q2,67,123
id32,B06Ia_20M_fish_market,ind. github,B,Q2,136,279
id32,B07Ga_20M_doubs,group github,B,Q2,95,225
id32,B07Ia_20M_acp_afc,ind. github,B,Q2,59,126
id32,B08Ia_20M_mfa,ind. github,B,Q2,41,90
id33,B01Ia_20M_reglin1,ind. github,B,Q1,42,60
id33,B02Ga_20M_urchin2,group github,B,Q1,16,16
id33,B02Ia_20M_anscombe,ind. github,B,Q1,51,230
id33,B02Ib_20M_achatina,ind. github,B,Q1,10,114
id34,B01Ia_20M_reglin1,ind. github,B,Q1,46,62
id34,B02Ga_20M_urchin2,group github,B,Q1,163,1265
id34,B02Ia_20M_anscombe,ind. github,B,Q1,41,204
id34,B02Ib_20M_achatina,ind. github,B,Q1,6,182
id34,B03Ia_20M_ovocyte,ind. github,B,Q1,42,96
id34,B03Ib_20M_human,ind. github,B,Q1,26,204
id34,B04Ia_20M_speed_reaction,ind. github,B,Q1,17,26
id34,B04Ib_20M_bacterial_growth,ind. github,B,Q1,9,114
id34,B05Ia_20M_ligurian_sea,ind. github,B,Q2,8,115
id34,B06Ia_20M_fish_market,ind. github,B,Q2,68,222
id34,B07Ga_20M_doubs,group github,B,Q2,102,207
id34,B07Ia_20M_acp_afc,ind. github,B,Q2,57,135
id34,B08Ia_20M_mfa,ind. github,B,Q2,59,115
id35,B01Ia_20M_reglin1,ind. github,B,Q1,49,72
id35,B02Ga_20M_urchin2,group github,B,Q1,113,193
id35,B02Ia_20M_anscombe,ind. github,B,Q1,98,193
id35,B02Ib_20M_achatina,ind. github,B,Q1,84,397
id35,B03Ia_20M_ovocyte,ind. github,B,Q1,20,26
id35,B03Ib_20M_human,ind. github,B,Q1,16,17
id36,B01Ia_20M_reglin1,ind. github,B,Q1,53,69
id36,B02Ga_20M_urchin2,group github,B,Q1,141,153
id36,B02Ia_20M_anscombe,ind. github,B,Q1,46,161
id36,B02Ib_20M_achatina,ind. github,B,Q1,6,49
id36,B03Ia_20M_ovocyte,ind. github,B,Q1,9,41
id36,B03Ib_20M_human,ind. github,B,Q1,134,535
id36,B04Ia_20M_speed_reaction,ind. github,B,Q1,26,66
id36,B04Ib_20M_bacterial_growth,ind. github,B,Q1,6,102
id36,B05Ia_20M_ligurian_sea,ind. github,B,Q2,49,109
id36,B06Ia_20M_fish_market,ind. github,B,Q2,130,247
id36,B07Ga_20M_doubs,group github,B,Q2,83,162
id36,B07Ia_20M_acp_afc,ind. github,B,Q2,34,102
id36,B08Ia_20M_mfa,ind. github,B,Q2,53,74
id37,B01Ia_20M_reglin1,ind. github,B,Q1,54,70
id37,B02Ga_20M_urchin2,group github,B,Q1,200,294
id37,B02Ia_20M_anscombe,ind. github,B,Q1,50,158
id37,B02Ib_20M_achatina,ind. github,B,Q1,51,156
id37,B03Ia_20M_ovocyte,ind. github,B,Q1,9,43
id37,B03Ib_20M_human,ind. github,B,Q1,72,443
id37,B04Ia_20M_speed_reaction,ind. github,B,Q1,19,64
id37,B04Ib_20M_bacterial_growth,ind. github,B,Q1,19,82
id37,B05Ia_20M_ligurian_sea,ind. github,B,Q2,66,125
id37,B06Ia_20M_fish_market,ind. github,B,Q2,74,223
id37,B07Ga_20M_doubs,group github,B,Q2,150,369
id37,B07Ia_20M_acp_afc,ind. github,B,Q2,25,97
id37,B08Ia_20M_mfa,ind. github,B,Q2,60,110
id38,B01Ia_20M_reglin1,ind. github,B,Q1,69,93
id38,B02Ga_20M_urchin2,group github,B,Q1,314,541
id38,B02Ia_20M_anscombe,ind. github,B,Q1,134,298
id38,B02Ib_20M_achatina,ind. github,B,Q1,249,393
id38,B03Ia_20M_ovocyte,ind. github,B,Q1,50,126
id38,B03Ib_20M_human,ind. github,B,Q1,162,206
id38,B04Ia_20M_speed_reaction,ind. github,B,Q1,50,118
id38,B04Ib_20M_bacterial_growth,ind. github,B,Q1,69,87
id38,B05Ia_20M_ligurian_sea,ind. github,B,Q2,134,223
id38,B06Ia_20M_fish_market,ind. github,B,Q2,483,1227
id38,B07Ga_20M_doubs,group github,B,Q2,48,252
id38,B07Ia_20M_acp_afc,ind. github,B,Q2,39,87
id38,B08Ia_20M_mfa,ind. github,B,Q2,10,21
id39,B01Ia_20M_reglin1,ind. github,B,Q1,59,72
id39,B02Ga_20M_urchin2,group github,B,Q1,281,1061
id39,B02Ia_20M_anscombe,ind. github,B,Q1,63,174
id39,B02Ib_20M_achatina,ind. github,B,Q1,21,290
id39,B03Ia_20M_ovocyte,ind. github,B,Q1,100,213
id39,B03Ib_20M_human,ind. github,B,Q1,219,938
id39,B04Ia_20M_speed_reaction,ind. github,B,Q1,22,135
id39,B04Ib_20M_bacterial_growth,ind. github,B,Q1,36,153
id39,B05Ia_20M_ligurian_sea,ind. github,B,Q2,54,141
id39,B06Ia_20M_fish_market,ind. github,B,Q2,102,271
id39,B07Ga_20M_doubs,group github,B,Q2,153,344
id39,B07Ia_20M_acp_afc,ind. github,B,Q2,39,120
id39,B08Ia_20M_mfa,ind. github,B,Q2,46,89
id40,B01Ia_20M_reglin1,ind. github,B,Q1,42,59
id40,B02Ga_20M_urchin2,group github,B,Q1,154,830
id40,B02Ia_20M_anscombe,ind. github,B,Q1,52,160
id40,B02Ib_20M_achatina,ind. github,B,Q1,51,428
id40,B03Ia_20M_ovocyte,ind. github,B,Q1,44,92
id40,B03Ib_20M_human,ind. github,B,Q1,141,301
id40,B04Ia_20M_speed_reaction,ind. github,B,Q1,10,39
id40,B04Ib_20M_bacterial_growth,ind. github,B,Q1,52,68
id40,B05Ia_20M_ligurian_sea,ind. github,B,Q2,80,211
id40,B06Ia_20M_fish_market,ind. github,B,Q2,118,230
id40,B07Ga_20M_doubs,group github,B,Q2,185,307
id40,B07Ia_20M_acp_afc,ind. github,B,Q2,57,113
id40,B08Ia_20M_mfa,ind. github,B,Q2,24,77
id41,B01Ia_20M_reglin1,ind. github,B,Q1,66,77
id41,B02Ga_20M_urchin2,group github,B,Q1,391,1209
id41,B02Ia_20M_anscombe,ind. github,B,Q1,48,182
id41,B02Ib_20M_achatina,ind. github,B,Q1,131,1490
id41,B03Ia_20M_ovocyte,ind. github,B,Q1,83,185
id41,B03Ib_20M_human,ind. github,B,Q1,124,419
id41,B04Ia_20M_speed_reaction,ind. github,B,Q1,69,78
id41,B04Ib_20M_bacterial_growth,ind. github,B,Q1,46,65
id41,B05Ia_20M_ligurian_sea,ind. github,B,Q2,87,315
id41,B06Ia_20M_fish_market,ind. github,B,Q2,175,413
id41,B07Ga_20M_doubs,group github,B,Q2,412,942
id41,B07Ia_20M_acp_afc,ind. github,B,Q2,57,161
id41,B08Ia_20M_mfa,ind. github,B,Q2,54,139
id42,B01Ia_20M_reglin1,ind. github,B,Q1,73,106
id42,B02Ga_20M_urchin2,group github,B,Q1,139,175
id42,B02Ia_20M_anscombe,ind. github,B,Q1,63,186
id42,B02Ib_20M_achatina,ind. github,B,Q1,12,119
id42,B03Ia_20M_ovocyte,ind. github,B,Q1,28,97
id42,B03Ib_20M_human,ind. github,B,Q1,183,418
id42,B04Ia_20M_speed_reaction,ind. github,B,Q1,58,98
id42,B04Ib_20M_bacterial_growth,ind. github,B,Q1,83,184
id42,B05Ia_20M_ligurian_sea,ind. github,B,Q2,66,111
id42,B06Ia_20M_fish_market,ind. github,B,Q2,129,359
id42,B07Ga_20M_doubs,group github,B,Q2,262,360
id42,B07Ia_20M_acp_afc,ind. github,B,Q2,35,131
id42,B08Ia_20M_mfa,ind. github,B,Q2,42,92
id43,B01Ia_20M_reglin1,ind. github,B,Q1,51,63
id43,B02Ga_20M_urchin2,group github,B,Q1,157,232
id43,B02Ia_20M_anscombe,ind. github,B,Q1,48,127
id43,B02Ib_20M_achatina,ind. github,B,Q1,54,200
id43,B03Ia_20M_ovocyte,ind. github,B,Q1,29,42
id43,B03Ib_20M_human,ind. github,B,Q1,55,77
id43,B04Ia_20M_speed_reaction,ind. github,B,Q1,26,30
id43,B04Ib_20M_bacterial_growth,ind. github,B,Q1,27,27
id43,B05Ia_20M_ligurian_sea,ind. github,B,Q2,73,98
id43,B06Ia_20M_fish_market,ind. github,B,Q2,186,863
id43,B07Ga_20M_doubs,group github,B,Q2,143,489
id43,B07Ia_20M_acp_afc,ind. github,B,Q2,86,784
id43,B08Ia_20M_mfa,ind. github,B,Q2,79,241
id44,B01Ia_20M_reglin1,ind. github,B,Q1,56,66
id44,B02Ga_20M_urchin2,group github,B,Q1,66,83
id44,B02Ia_20M_anscombe,ind. github,B,Q1,92,204
id44,B02Ib_20M_achatina,ind. github,B,Q1,10,111
id44,B03Ia_20M_ovocyte,ind. github,B,Q1,45,106
id44,B03Ib_20M_human,ind. github,B,Q1,111,169
id44,B04Ia_20M_speed_reaction,ind. github,B,Q1,55,78
id44,B04Ib_20M_bacterial_growth,ind. github,B,Q1,7,117
id44,B05Ia_20M_ligurian_sea,ind. github,B,Q2,54,77
id44,B06Ia_20M_fish_market,ind. github,B,Q2,43,185
id44,B07Ga_20M_doubs,group github,B,Q2,118,305
id44,B07Ia_20M_acp_afc,ind. github,B,Q2,47,111
id44,B08Ia_20M_mfa,ind. github,B,Q2,55,101
id45,B01Ia_20M_reglin1,ind. github,B,Q1,94,116
id45,B02Ga_20M_urchin2,group github,B,Q1,358,567
id45,B02Ia_20M_anscombe,ind. github,B,Q1,174,321
id45,B02Ib_20M_achatina,ind. github,B,Q1,145,480
id45,B03Ia_20M_ovocyte,ind. github,B,Q1,25,167
id45,B03Ib_20M_human,ind. github,B,Q1,689,1406
id45,B04Ia_20M_speed_reaction,ind. github,B,Q1,32,62
id45,B04Ib_20M_bacterial_growth,ind. github,B,Q1,50,225
id45,B05Ia_20M_ligurian_sea,ind. github,B,Q2,12,169
id45,B06Ia_20M_fish_market,ind. github,B,Q2,306,737
id45,B07Ga_20M_doubs,group github,B,Q2,146,665
id45,B07Ia_20M_acp_afc,ind. github,B,Q2,117,257
id45,B08Ia_20M_mfa,ind. github,B,Q2,109,190
id46,B01Ia_20M_reglin1,ind. github,B,Q1,45,54
id46,B02Ga_20M_urchin2,group github,B,Q1,95,237
id46,B02Ia_20M_anscombe,ind. github,B,Q1,46,147
id46,B02Ib_20M_achatina,ind. github,B,Q1,88,420
id46,B03Ia_20M_ovocyte,ind. github,B,Q1,18,79
id46,B03Ib_20M_human,ind. github,B,Q1,103,235
id46,B04Ia_20M_speed_reaction,ind. github,B,Q1,5,69
id46,B04Ib_20M_bacterial_growth,ind. github,B,Q1,20,150
id46,B05Ia_20M_ligurian_sea,ind. github,B,Q2,50,112
id46,B06Ia_20M_fish_market,ind. github,B,Q2,29,270
id46,B07Ga_20M_doubs,group github,B,Q2,270,491
id46,B07Ia_20M_acp_afc,ind. github,B,Q2,28,210
id46,B08Ia_20M_mfa,ind. github,B,Q2,60,166
id47,B01Ia_20M_reglin1,ind. github,B,Q1,59,77
id47,B02Ga_20M_urchin2,group github,B,Q1,275,649
id47,B02Ia_20M_anscombe,ind. github,B,Q1,94,168
id47,B02Ib_20M_achatina,ind. github,B,Q1,99,260
id47,B03Ia_20M_ovocyte,ind. github,B,Q1,94,165
id47,B03Ib_20M_human,ind. github,B,Q1,286,601
id47,B04Ia_20M_speed_reaction,ind. github,B,Q1,52,131
id47,B04Ib_20M_bacterial_growth,ind. github,B,Q1,24,118
id47,B05Ia_20M_ligurian_sea,ind. github,B,Q2,75,179
id47,B06Ia_20M_fish_market,ind. github,B,Q2,326,544
id47,B07Ga_20M_doubs,group github,B,Q2,259,702
id47,B07Ia_20M_acp_afc,ind. github,B,Q2,85,174
id47,B08Ia_20M_mfa,ind. github,B,Q2,90,188
id48,B01Ia_20M_reglin1,ind. github,B,Q1,51,75
id48,B02Ga_20M_urchin2,group github,B,Q1,307,697
id48,B02Ib_20M_achatina,ind. github,B,Q1,117,576
id48,B03Ia_20M_ovocyte,ind. github,B,Q1,229,710
id48,B03Ib_20M_human,ind. github,B,Q1,123,424
id48,B04Ia_20M_speed_reaction,ind. github,B,Q1,47,102
id48,B04Ib_20M_bacterial_growth,ind. github,B,Q1,46,127
id48,B05Ia_20M_ligurian_sea,ind. github,B,Q2,63,250
id48,B06Ia_20M_fish_market,ind. github,B,Q2,204,495
id48,B07Ga_20M_doubs,group github,B,Q2,321,693
id48,B07Ia_20M_acp_afc,ind. github,B,Q2,90,198
id48,B08Ia_20M_mfa,ind. github,B,Q2,104,206
id49,B01Ia_20M_reglin1,ind. github,B,Q1,47,76
id49,B02Ga_20M_urchin2,group github,B,Q1,254,460
id49,B02Ia_20M_anscombe,ind. github,B,Q1,86,174
id49,B02Ib_20M_achatina,ind. github,B,Q1,131,341
id49,B03Ia_20M_ovocyte,ind. github,B,Q1,28,113
id49,B03Ib_20M_human,ind. github,B,Q1,166,469
id49,B04Ia_20M_speed_reaction,ind. github,B,Q1,3,33
id49,B04Ib_20M_bacterial_growth,ind. github,B,Q1,7,100
id49,B05Ia_20M_ligurian_sea,ind. github,B,Q2,9,75
id49,B06Ia_20M_fish_market,ind. github,B,Q2,152,303
id49,B07Ga_20M_doubs,group github,B,Q2,304,412
id49,B07Ia_20M_acp_afc,ind. github,B,Q2,103,629
id49,B08Ia_20M_mfa,ind. github,B,Q2,40,83
id50,B01Ia_20M_reglin1,ind. github,B,Q1,43,56
id50,B02Ga_20M_urchin2,group github,B,Q1,309,586
id50,B02Ia_20M_anscombe,ind. github,B,Q1,76,188
id50,B02Ib_20M_achatina,ind. github,B,Q1,70,270
id50,B03Ia_20M_ovocyte,ind. github,B,Q1,91,197
id50,B03Ib_20M_human,ind. github,B,Q1,215,404
id50,B04Ia_20M_speed_reaction,ind. github,B,Q1,7,70
id50,B04Ib_20M_bacterial_growth,ind. github,B,Q1,8,134
id50,B05Ia_20M_ligurian_sea,ind. github,B,Q2,56,150
id50,B06Ia_20M_fish_market,ind. github,B,Q2,115,322
id50,B07Ga_20M_doubs,group github,B,Q2,418,718
id50,B07Ia_20M_acp_afc,ind. github,B,Q2,49,122
id50,B08Ia_20M_mfa,ind. github,B,Q2,54,111
id51,B01Ia_20M_reglin1,ind. github,B,Q1,45,56
id51,B02Ga_20M_urchin2,group github,B,Q1,173,488
id51,B02Ia_20M_anscombe,ind. github,B,Q1,83,173
id51,B02Ib_20M_achatina,ind. github,B,Q1,58,270
id51,B03Ia_20M_ovocyte,ind. github,B,Q1,57,115
id51,B03Ib_20M_human,ind. github,B,Q1,131,237
id51,B04Ia_20M_speed_reaction,ind. github,B,Q1,45,67
id51,B04Ib_20M_bacterial_growth,ind. github,B,Q1,12,126
id51,B05Ia_20M_ligurian_sea,ind. github,B,Q2,71,90
id51,B06Ia_20M_fish_market,ind. github,B,Q2,58,198
id51,B07Ga_20M_doubs,group github,B,Q2,270,304
id51,B07Ia_20M_acp_afc,ind. github,B,Q2,51,121
id51,B08Ia_20M_mfa,ind. github,B,Q2,44,87
id52,B02Ga_20M_urchin2,group github,B,Q1,220,348
id52,B02Ia_20M_anscombe,ind. github,B,Q1,75,183
id52,B02Ib_20M_achatina,ind. github,B,Q1,111,300
id52,B03Ia_20M_ovocyte,ind. github,B,Q1,63,138
id52,B03Ib_20M_human,ind. github,B,Q1,190,380
id52,B04Ia_20M_speed_reaction,ind. github,B,Q1,61,79
id52,B04Ib_20M_bacterial_growth,ind. github,B,Q1,50,113
id52,B05Ia_20M_ligurian_sea,ind. github,B,Q2,5,55
id52,B06Ia_20M_fish_market,ind. github,B,Q2,150,206
id52,B07Ga_20M_doubs,group github,B,Q2,141,259
id52,B07Ia_20M_acp_afc,ind. github,B,Q2,75,102
id52,B08Ia_20M_mfa,ind. github,B,Q2,74,101
id53,B01Ia_20M_reglin1,ind. github,B,Q1,42,55
id53,B02Ga_20M_urchin2,group github,B,Q1,334,643
id53,B02Ia_20M_anscombe,ind. github,B,Q1,64,154
id53,B02Ib_20M_achatina,ind. github,B,Q1,27,265
id53,B03Ia_20M_ovocyte,ind. github,B,Q1,46,118
id53,B03Ib_20M_human,ind. github,B,Q1,294,390
id53,B04Ia_20M_speed_reaction,ind. github,B,Q1,43,74
id53,B04Ib_20M_bacterial_growth,ind. github,B,Q1,8,126
id53,B05Ia_20M_ligurian_sea,ind. github,B,Q2,59,126
id53,B06Ia_20M_fish_market,ind. github,B,Q2,91,268
id53,B07Ga_20M_doubs,group github,B,Q2,199,280
id53,B07Ia_20M_acp_afc,ind. github,B,Q2,58,145
id53,B08Ia_20M_mfa,ind. github,B,Q2,46,94
id54,B01Ia_20M_reglin1,ind. github,B,Q1,45,70
id54,B02Ga_20M_urchin2,group github,B,Q1,176,419
id54,B02Ia_20M_anscombe,ind. github,B,Q1,46,127
id54,B02Ib_20M_achatina,ind. github,B,Q1,33,232
id54,B03Ia_20M_ovocyte,ind. github,B,Q1,63,133
id54,B03Ib_20M_human,ind. github,B,Q1,107,278
id54,B04Ia_20M_speed_reaction,ind. github,B,Q1,16,50
id54,B04Ib_20M_bacterial_growth,ind. github,B,Q1,11,133
id54,B05Ia_20M_ligurian_sea,ind. github,B,Q2,56,162
id54,B06Ia_20M_fish_market,ind. github,B,Q2,118,278
id54,B07Ga_20M_doubs,group github,B,Q2,128,163
id54,B07Ia_20M_acp_afc,ind. github,B,Q2,39,111
id54,B08Ia_20M_mfa,ind. github,B,Q2,45,99
id55,B01Ia_20M_reglin1,ind. github,B,Q1,59,75
id55,B02Ga_20M_urchin2,group github,B,Q1,190,360
id55,B02Ia_20M_anscombe,ind. github,B,Q1,71,156
id55,B02Ib_20M_achatina,ind. github,B,Q1,53,194
id55,B03Ia_20M_ovocyte,ind. github,B,Q1,32,74
id55,B03Ib_20M_human,ind. github,B,Q1,113,392
id55,B04Ia_20M_speed_reaction,ind. github,B,Q1,14,39
id55,B04Ib_20M_bacterial_growth,ind. github,B,Q1,62,109
id55,B05Ia_20M_ligurian_sea,ind. github,B,Q2,116,220
id55,B06Ia_20M_fish_market,ind. github,B,Q2,120,281
id55,B07Ga_20M_doubs,group github,B,Q2,97,169
id55,B07Ia_20M_acp_afc,ind. github,B,Q2,52,135
id55,B08Ia_20M_mfa,ind. github,B,Q2,39,124
id56,B01Ia_20M_reglin1,ind. github,B,Q1,52,69
id56,B02Ga_20M_urchin2,group github,B,Q1,187,372
id56,B02Ia_20M_anscombe,ind. github,B,Q1,89,222
id56,B02Ib_20M_achatina,ind. github,B,Q1,93,209
id56,B03Ia_20M_ovocyte,ind. github,B,Q1,52,91
id56,B03Ib_20M_human,ind. github,B,Q1,121,357
id56,B04Ia_20M_speed_reaction,ind. github,B,Q1,45,80
id56,B04Ib_20M_bacterial_growth,ind. github,B,Q1,41,43
id56,B05Ia_20M_ligurian_sea,ind. github,B,Q2,80,118
id56,B06Ia_20M_fish_market,ind. github,B,Q2,131,289
id56,B07Ga_20M_doubs,group github,B,Q2,155,240
id56,B07Ia_20M_acp_afc,ind. github,B,Q2,51,115
id56,B08Ia_20M_mfa,ind. github,B,Q2,71,118
id57,B01Ia_20M_reglin1,ind. github,B,Q1,114,187
id57,B02Ga_20M_urchin2,group github,B,Q1,615,989
id57,B02Ia_20M_anscombe,ind. github,B,Q1,154,226
id57,B02Ib_20M_achatina,ind. github,B,Q1,253,418
id57,B03Ia_20M_ovocyte,ind. github,B,Q1,138,240
id57,B03Ib_20M_human,ind. github,B,Q1,284,663
id57,B04Ia_20M_speed_reaction,ind. github,B,Q1,18,57
id57,B04Ib_20M_bacterial_growth,ind. github,B,Q1,12,119
id57,B05Ia_20M_ligurian_sea,ind. github,B,Q2,96,129
id57,B06Ia_20M_fish_market,ind. github,B,Q2,313,1038
id57,B07Ga_20M_doubs,group github,B,Q2,86,110
id57,B07Ia_20M_acp_afc,ind. github,B,Q2,119,311
id57,B08Ia_20M_mfa,ind. github,B,Q2,94,104
id58,B01Ia_20M_reglin1,ind. github,B,Q1,45,61
id58,B02Ga_20M_urchin2,group github,B,Q1,412,888
id58,B02Ia_20M_anscombe,ind. github,B,Q1,64,229
id58,B02Ib_20M_achatina,ind. github,B,Q1,140,410
id58,B03Ia_20M_ovocyte,ind. github,B,Q1,62,98
id58,B03Ib_20M_human,ind. github,B,Q1,317,1033
id58,B04Ia_20M_speed_reaction,ind. github,B,Q1,76,99
id58,B04Ib_20M_bacterial_growth,ind. github,B,Q1,53,152
id58,B05Ia_20M_ligurian_sea,ind. github,B,Q2,46,61
id58,B06Ia_20M_fish_market,ind. github,B,Q2,120,252
id58,B07Ga_20M_doubs,group github,B,Q2,218,370
id58,B07Ia_20M_acp_afc,ind. github,B,Q2,52,119
id58,B08Ia_20M_mfa,ind. github,B,Q2,38,87
id59,B01Ia_20M_reglin1,ind. github,B,Q1,48,67
id59,B02Ga_20M_urchin2,group github,B,Q1,123,338
id59,B02Ia_20M_anscombe,ind. github,B,Q1,52,188
id59,B02Ib_20M_achatina,ind. github,B,Q1,36,177
id59,B03Ia_20M_ovocyte,ind. github,B,Q1,60,110
id59,B03Ib_20M_human,ind. github,B,Q1,111,268
id59,B04Ia_20M_speed_reaction,ind. github,B,Q1,42,67
id59,B04Ib_20M_bacterial_growth,ind. github,B,Q1,7,91
id59,B05Ia_20M_ligurian_sea,ind. github,B,Q2,13,133
id59,B06Ia_20M_fish_market,ind. github,B,Q2,224,4024
id59,B07Ga_20M_doubs,group github,B,Q2,180,461
id59,B07Ia_20M_acp_afc,ind. github,B,Q2,75,605
id59,B08Ia_20M_mfa,ind. github,B,Q2,47,174
id60,B01Ia_20M_reglin1,ind. github,B,Q1,58,79
id60,B02Ga_20M_urchin2,group github,B,Q1,282,1194
id60,B02Ia_20M_anscombe,ind. github,B,Q1,75,215
id60,B02Ib_20M_achatina,ind. github,B,Q1,95,226
id60,B03Ia_20M_ovocyte,ind. github,B,Q1,91,261
id60,B03Ib_20M_human,ind. github,B,Q1,222,449
id60,B04Ia_20M_speed_reaction,ind. github,B,Q1,41,69
id60,B05Ia_20M_ligurian_sea,ind. github,B,Q2,138,313
id60,B06Ia_20M_fish_market,ind. github,B,Q2,237,489
id60,B07Ga_20M_doubs,group github,B,Q2,84,213
id60,B07Ia_20M_acp_afc,ind. github,B,Q2,100,221
id60,B08Ia_20M_mfa,ind. github,B,Q2,114,164
id61,B01Ia_20M_reglin1,ind. github,B,Q1,45,59
id61,B02Ia_20M_anscombe,ind. github,B,Q1,100,202
id61,B02Ib_20M_achatina,ind. github,B,Q1,54,140
id61,B03Ia_20M_ovocyte,ind. github,B,Q1,40,69
id61,B03Ib_20M_human,ind. github,B,Q1,45,110
id61,B04Ia_20M_speed_reaction,ind. github,B,Q1,46,64
id61,B04Ib_20M_bacterial_growth,ind. github,B,Q1,46,48
id61,B05Ia_20M_ligurian_sea,ind. github,B,Q2,102,531
id61,B06Ia_20M_fish_market,ind. github,B,Q2,142,959
id61,B07Ga_20M_doubs,group github,B,Q2,109,3359
id61,B07Ia_20M_acp_afc,ind. github,B,Q2,77,413
id61,B08Ia_20M_mfa,ind. github,B,Q2,56,428
id62,B01Ia_20M_reglin1,ind. github,B,Q1,37,47
id62,B02Ga_20M_urchin2,group github,B,Q1,48,131
id62,B02Ia_20M_anscombe,ind. github,B,Q1,46,126
id62,B02Ib_20M_achatina,ind. github,B,Q1,21,24
id62,B03Ia_20M_ovocyte,ind. github,B,Q1,34,59
id62,B03Ib_20M_human,ind. github,B,Q1,24,62
id62,B04Ia_20M_speed_reaction,ind. github,B,Q1,8,16
id62,B05Ia_20M_ligurian_sea,ind. github,B,Q2,53,79
id62,B06Ia_20M_fish_market,ind. github,B,Q2,117,263
id62,B07Ga_20M_doubs,group github,B,Q2,10,38
id62,B07Ia_20M_acp_afc,ind. github,B,Q2,54,126
id62,B08Ia_20M_mfa,ind. github,B,Q2,36,63
id63,B01Ia_20M_reglin1,ind. github,B,Q1,35,46
id63,B02Ga_20M_urchin2,group github,B,Q1,254,562
id63,B02Ia_20M_anscombe,ind. github,B,Q1,86,215
id63,B02Ib_20M_achatina,ind. github,B,Q1,147,257
id63,B03Ia_20M_ovocyte,ind. github,B,Q1,43,77
id63,B03Ib_20M_human,ind. github,B,Q1,104,208
id63,B04Ia_20M_speed_reaction,ind. github,B,Q1,60,77
id63,B04Ib_20M_bacterial_growth,ind. github,B,Q1,58,102
id63,B05Ia_20M_ligurian_sea,ind. github,B,Q2,72,124
id63,B06Ia_20M_fish_market,ind. github,B,Q2,99,241
id63,B07Ga_20M_doubs,group github,B,Q2,43,105
id63,B07Ia_20M_acp_afc,ind. github,B,Q2,76,158
id63,B08Ia_20M_mfa,ind. github,B,Q2,47,107
id64,A01Ia_20M_markdown,ind. github,A,Q1,46,46
id64,A02Ia_20M_nuagepoints,ind. github,A,Q1,28,42
id64,A02Ib_20M_workflow,ind. github,A,Q1,55,119
id64,A03Ga_20M_urchin,group github,A,Q1,39,63
id64,A03Ia_20M_distribution,ind. github,A,Q1,41,79
id64,A04Ia_20M_graphe_avance,ind. github,A,Q1,37,58
id64,A05Ia_20M_transformation,ind. github,A,Q1,97,133
id64,A06Ga_20M_belgium_demo,group github,A,Q1,111,182
id64,B01Ia_20M_reglin1,ind. github,B,Q1,42,84
id64,B02Ga_20M_urchin2,group github,B,Q1,59,101
id64,B02Ia_20M_anscombe,ind. github,B,Q1,46,157
id64,B02Ib_20M_achatina,ind. github,B,Q1,124,186
id64,B03Ia_20M_ovocyte,ind. github,B,Q1,54,59
id64,B04Ia_20M_speed_reaction,ind. github,B,Q1,27,34
id64,B04Ib_20M_bacterial_growth,ind. github,B,Q1,44,68
id65,A01Ia_20M_markdown,ind. github,A,Q1,31,42
id65,A02Ia_20M_nuagepoints,ind. github,A,Q1,43,55
id65,A02Ib_20M_workflow,ind. github,A,Q1,99,118
id65,A03Ga_20M_urchin,group github,A,Q1,42,122
id65,A03Ia_20M_distribution,ind. github,A,Q1,36,71
id65,A04Ia_20M_graphe_avance,ind. github,A,Q1,39,50
id65,A05Ia_20M_transformation,ind. github,A,Q1,93,127
id65,A06Ga_20M_belgium_demo,group github,A,Q1,183,293
id65,A07Ga_20M_urchin,group github,A,Q2,198,291
id65,A08Ga_20M_human_health,group github,A,Q2,477,820
id65,A08Ia_20M_pea,ind. github,A,Q2,52,65
id65,A09Ia_20M_cardiovascular,ind. github,A,Q2,51,67
id65,A11Ia_20M_anova2,ind. github,A,Q2,93,130
id65,A12Ia_20M_correlation,ind. github,A,Q2,52,59
id65,B01Ia_20M_reglin1,ind. github,B,Q1,54,78
id65,B02Ga_20M_urchin2,group github,B,Q1,69,96
id65,B02Ia_20M_anscombe,ind. github,B,Q1,49,169
id65,B02Ib_20M_achatina,ind. github,B,Q1,55,129
id65,B03Ia_20M_ovocyte,ind. github,B,Q1,53,58
id65,B04Ia_20M_speed_reaction,ind. github,B,Q1,33,41
id65,B04Ib_20M_bacterial_growth,ind. github,B,Q1,44,52
id65,B05Ia_20M_ligurian_sea,ind. github,B,Q2,70,162
id65,B06Ia_20M_fish_market,ind. github,B,Q2,280,1047
id65,B07Ga_20M_doubs,group github,B,Q2,175,231
id65,B07Ia_20M_acp_afc,ind. github,B,Q2,88,438
id65,B08Ia_20M_mfa,ind. github,B,Q2,126,691
id67,B01Ia_20M_reglin1,ind. github,B,Q1,51,68
id67,B02Ga_20M_urchin2,group github,B,Q1,116,181
id67,B02Ia_20M_anscombe,ind. github,B,Q1,46,134
id67,B03Ia_20M_ovocyte,ind. github,B,Q1,22,43
id67,B03Ib_20M_human,ind. github,B,Q1,15,33
id67,B04Ib_20M_bacterial_growth,ind. github,B,Q1,27,31
id67,B05Ia_20M_ligurian_sea,ind. github,B,Q2,21,27
id67,B06Ia_20M_fish_market,ind. github,B,Q2,120,176
id67,B07Ga_20M_doubs,group github,B,Q2,146,181
id67,B07Ia_20M_acp_afc,ind. github,B,Q2,5,13
id67,B08Ia_20M_mfa,ind. github,B,Q2,3,10
id69,B02Ga_20M_urchin2,group github,B,Q1,165,272
id69,B02Ia_20M_anscombe,ind. github,B,Q1,79,154
id69,B02Ib_20M_achatina,ind. github,B,Q1,61,105
id69,B03Ia_20M_ovocyte,ind. github,B,Q1,35,35
id69,B03Ib_20M_human,ind. github,B,Q1,2,15
id69,B04Ia_20M_speed_reaction,ind. github,B,Q1,31,50
id69,B04Ib_20M_bacterial_growth,ind. github,B,Q1,46,68
id71,A01Ia_20M_markdown,ind. github,A,Q1,63,71
id71,A02Ia_20M_nuagepoints,ind. github,A,Q1,23,32
id71,A02Ib_20M_workflow,ind. github,A,Q1,33,83
id71,A03Ga_20M_urchin,group github,A,Q1,47,67
id71,A03Ia_20M_distribution,ind. github,A,Q1,40,69
id71,A04Ia_20M_graphe_avance,ind. github,A,Q1,35,59
id71,A05Ia_20M_transformation,ind. github,A,Q1,85,110
id71,A06Ga_20M_belgium_demo,group github,A,Q1,155,334
id71,A07Ga_20M_urchin,group github,A,Q2,92,124
id71,A08Ga_20M_human_health,group github,A,Q2,248,313
id71,A08Ia_20M_pea,ind. github,A,Q2,18,34
id71,A09Ia_20M_cardiovascular,ind. github,A,Q2,3,29
id71,A11Ia_20M_anova2,ind. github,A,Q2,49,74
id71,A12Ia_20M_correlation,ind. github,A,Q2,40,48
id71,B01Ia_20M_reglin1,ind. github,B,Q1,54,85
id71,B02Ga_20M_urchin2,group github,B,Q1,93,94
id71,B02Ia_20M_anscombe,ind. github,B,Q1,46,153
id71,B02Ib_20M_achatina,ind. github,B,Q1,54,101
id71,B03Ia_20M_ovocyte,ind. github,B,Q1,30,44
id71,B03Ib_20M_human,ind. github,B,Q1,115,253
id71,B04Ia_20M_speed_reaction,ind. github,B,Q1,24,32
id71,B04Ib_20M_bacterial_growth,ind. github,B,Q1,40,42
id71,B05Ia_20M_ligurian_sea,ind. github,B,Q2,86,123
id71,B06Ia_20M_fish_market,ind. github,B,Q2,67,174
id71,B07Ga_20M_doubs,group github,B,Q2,110,166
id71,B07Ia_20M_acp_afc,ind. github,B,Q2,52,123
id71,B08Ia_20M_mfa,ind. github,B,Q2,67,107
id72,A01Ia_20M_markdown,ind. github,A,Q1,65,76
id72,A02Ia_20M_nuagepoints,ind. github,A,Q1,25,34
id72,A02Ib_20M_workflow,ind. github,A,Q1,35,72
id72,A03Ga_20M_urchin,group github,A,Q1,66,88
id72,A03Ia_20M_distribution,ind. github,A,Q1,96,129
id72,A04Ia_20M_graphe_avance,ind. github,A,Q1,84,99
id72,A05Ia_20M_transformation,ind. github,A,Q1,85,108
id72,A06Ga_20M_belgium_demo,group github,A,Q1,200,374
id72,A07Ga_20M_urchin,group github,A,Q2,158,246
id72,A08Ga_20M_human_health,group github,A,Q2,459,1281
id72,A08Ia_20M_pea,ind. github,A,Q2,59,84
id72,A09Ia_20M_cardiovascular,ind. github,A,Q2,22,51
id72,A11Ia_20M_anova2,ind. github,A,Q2,33,104
id72,A12Ia_20M_correlation,ind. github,A,Q2,3,46
id72,B01Ia_20M_reglin1,ind. github,B,Q1,76,103
id72,B02Ga_20M_urchin2,group github,B,Q1,121,181
id72,B02Ia_20M_anscombe,ind. github,B,Q1,143,182
id72,B02Ib_20M_achatina,ind. github,B,Q1,114,267
id72,B03Ia_20M_ovocyte,ind. github,B,Q1,100,166
id72,B03Ib_20M_human,ind. github,B,Q1,156,377
id72,B04Ia_20M_speed_reaction,ind. github,B,Q1,5,62
id72,B04Ib_20M_bacterial_growth,ind. github,B,Q1,49,129
id72,B05Ia_20M_ligurian_sea,ind. github,B,Q2,91,338
id72,B06Ia_20M_fish_market,ind. github,B,Q2,125,299
id72,B07Ga_20M_doubs,group github,B,Q2,120,214
id72,B07Ia_20M_acp_afc,ind. github,B,Q2,68,134
id72,B08Ia_20M_mfa,ind. github,B,Q2,43,117
id76,A01Ia_20M_markdown,ind. github,A,Q1,56,74
id76,A02Ia_20M_nuagepoints,ind. github,A,Q1,29,35
id77,A01Ia_20M_markdown,ind. github,A,Q1,59,72
id77,A02Ia_20M_nuagepoints,ind. github,A,Q1,34,59
id77,A02Ib_20M_workflow,ind. github,A,Q1,69,82
id77,A03Ga_20M_urchin,group github,A,Q1,38,56
id77,A03Ia_20M_distribution,ind. github,A,Q1,58,73
id77,A04Ia_20M_graphe_avance,ind. github,A,Q1,82,112
id77,A05Ia_20M_transformation,ind. github,A,Q1,94,126
id77,A06Ga_20M_belgium_demo,group github,A,Q1,172,695
id77,A07Ga_20M_urchin,group github,A,Q2,192,323
id77,A08Ga_20M_human_health,group github,A,Q2,386,554
id77,A08Ia_20M_pea,ind. github,A,Q2,27,37
id77,A09Ia_20M_cardiovascular,ind. github,A,Q2,10,41
id77,A11Ia_20M_anova2,ind. github,A,Q2,64,109
id77,A12Ia_20M_correlation,ind. github,A,Q2,57,69
id77,B01Ia_20M_reglin1,ind. github,B,Q1,77,102
id77,B02Ga_20M_urchin2,group github,B,Q1,133,193
id77,B02Ia_20M_anscombe,ind. github,B,Q1,83,240
id77,B02Ib_20M_achatina,ind. github,B,Q1,56,136
id77,B03Ia_20M_ovocyte,ind. github,B,Q1,27,50
id77,B03Ib_20M_human,ind. github,B,Q1,103,330
id77,B04Ia_20M_speed_reaction,ind. github,B,Q1,6,34
id77,B04Ib_20M_bacterial_growth,ind. github,B,Q1,45,61
id77,B05Ia_20M_ligurian_sea,ind. github,B,Q2,64,97
id77,B06Ia_20M_fish_market,ind. github,B,Q2,162,259
id77,B07Ga_20M_doubs,group github,B,Q2,46,214
id77,B07Ia_20M_acp_afc,ind. github,B,Q2,53,142
id77,B08Ia_20M_mfa,ind. github,B,Q2,99,165
id79,A01Ia_20M_markdown,ind. github,A,Q1,60,74
id79,A02Ia_20M_nuagepoints,ind. github,A,Q1,18,25
id80,A01Ia_20M_markdown,ind. github,A,Q1,58,79
id80,A02Ia_20M_nuagepoints,ind. github,A,Q1,33,36
id80,A02Ib_20M_workflow,ind. github,A,Q1,5,47
id80,A03Ia_20M_distribution,ind. github,A,Q1,43,53
id80,A04Ia_20M_graphe_avance,ind. github,A,Q1,70,85
id80,A05Ia_20M_transformation,ind. github,A,Q1,87,116
id80,A06Ga_20M_belgium_demo,group github,A,Q1,120,304
id80,A07Ga_20M_urchin,group github,A,Q2,158,578
id80,A08Ga_20M_human_health,group github,A,Q2,115,197
id80,A08Ia_20M_pea,ind. github,A,Q2,22,34
id80,A09Ia_20M_cardiovascular,ind. github,A,Q2,10,35
id80,A11Ia_20M_anova2,ind. github,A,Q2,104,130
id80,A12Ia_20M_correlation,ind. github,A,Q2,2,32
id81,A01Ia_20M_markdown,ind. github,A,Q1,56,69
id81,A02Ia_20M_nuagepoints,ind. github,A,Q1,13,20
id81,A02Ib_20M_workflow,ind. github,A,Q1,3,60
id81,A03Ga_20M_urchin,group github,A,Q1,92,137
id81,A03Ia_20M_distribution,ind. github,A,Q1,41,49
id81,A04Ia_20M_graphe_avance,ind. github,A,Q1,35,45
id81,A06Ga_20M_belgium_demo,group github,A,Q1,79,141
id81,A07Ga_20M_urchin,group github,A,Q2,202,253
id81,A08Ga_20M_human_health,group github,A,Q2,169,299
id81,A08Ia_20M_pea,ind. github,A,Q2,31,40
id81,A09Ia_20M_cardiovascular,ind. github,A,Q2,20,24
id81,A11Ia_20M_anova2,ind. github,A,Q2,53,75
id81,A12Ia_20M_correlation,ind. github,A,Q2,29,38
id82,A01Ia_20M_markdown,ind. github,A,Q1,42,59
id82,A02Ia_20M_nuagepoints,ind. github,A,Q1,21,29
id82,A02Ib_20M_workflow,ind. github,A,Q1,8,68
id82,A03Ga_20M_urchin,group github,A,Q1,79,115
id82,A03Ia_20M_distribution,ind. github,A,Q1,72,84
id82,A04Ia_20M_graphe_avance,ind. github,A,Q1,47,67
id82,A05Ia_20M_transformation,ind. github,A,Q1,73,92
id82,A06Ga_20M_belgium_demo,group github,A,Q1,58,112
id82,A07Ga_20M_urchin,group github,A,Q2,50,54
id82,A08Ga_20M_human_health,group github,A,Q2,99,297
id82,A08Ia_20M_pea,ind. github,A,Q2,22,40
id82,A09Ia_20M_cardiovascular,ind. github,A,Q2,17,34
id82,A11Ia_20M_anova2,ind. github,A,Q2,49,95
id82,A12Ia_20M_correlation,ind. github,A,Q2,31,45
id83,A01Ia_20M_markdown,ind. github,A,Q1,34,43
id83,A02Ia_20M_nuagepoints,ind. github,A,Q1,21,29
id83,A02Ib_20M_workflow,ind. github,A,Q1,7,66
id83,A03Ga_20M_urchin,group github,A,Q1,2,22
id83,A03Ia_20M_distribution,ind. github,A,Q1,40,55
id83,A04Ia_20M_graphe_avance,ind. github,A,Q1,32,40
id83,A05Ia_20M_transformation,ind. github,A,Q1,64,84
id83,A06Ga_20M_belgium_demo,group github,A,Q1,74,265
id83,A08Ga_20M_human_health,group github,A,Q2,172,508
id83,A08Ia_20M_pea,ind. github,A,Q2,35,53
id83,A09Ia_20M_cardiovascular,ind. github,A,Q2,17,27
id83,A11Ia_20M_anova2,ind. github,A,Q2,51,61
id83,A12Ia_20M_correlation,ind. github,A,Q2,3,43
id84,A01Ia_20M_markdown,ind. github,A,Q1,40,47
id84,A02Ia_20M_nuagepoints,ind. github,A,Q1,56,61
id84,A02Ib_20M_workflow,ind. github,A,Q1,22,58
id84,A03Ga_20M_urchin,group github,A,Q1,142,303
id84,A03Ia_20M_distribution,ind. github,A,Q1,40,48
id84,A04Ia_20M_graphe_avance,ind. github,A,Q1,49,50
id84,A05Ia_20M_transformation,ind. github,A,Q1,91,107
id84,A06Ga_20M_belgium_demo,group github,A,Q1,76,158
id84,A07Ga_20M_urchin,group github,A,Q2,258,843
id84,A08Ga_20M_human_health,group github,A,Q2,234,755
id84,A08Ia_20M_pea,ind. github,A,Q2,24,26
id84,A09Ia_20M_cardiovascular,ind. github,A,Q2,31,31
id84,A11Ia_20M_anova2,ind. github,A,Q2,45,55
id84,A12Ia_20M_correlation,ind. github,A,Q2,5,40
id86,A01Ia_20M_markdown,ind. github,A,Q1,74,105
id86,A02Ia_20M_nuagepoints,ind. github,A,Q1,31,41
id86,A02Ib_20M_workflow,ind. github,A,Q1,11,68
id86,A03Ga_20M_urchin,group github,A,Q1,112,189
id86,A03Ia_20M_distribution,ind. github,A,Q1,99,126
id86,A04Ia_20M_graphe_avance,ind. github,A,Q1,60,105
id86,A05Ia_20M_transformation,ind. github,A,Q1,73,100
id86,A06Ga_20M_belgium_demo,group github,A,Q1,26,359
id86,A07Ga_20M_urchin,group github,A,Q2,179,341
id86,A08Ga_20M_human_health,group github,A,Q2,271,465
id86,A08Ia_20M_pea,ind. github,A,Q2,43,53
id86,A09Ia_20M_cardiovascular,ind. github,A,Q2,11,47
id86,A11Ia_20M_anova2,ind. github,A,Q2,71,189
id86,A12Ia_20M_correlation,ind. github,A,Q2,3,42
id87,A01Ia_20M_markdown,ind. github,A,Q1,52,72
id87,A02Ia_20M_nuagepoints,ind. github,A,Q1,25,34
id87,A02Ib_20M_workflow,ind. github,A,Q1,13,67
id87,A03Ga_20M_urchin,group github,A,Q1,75,91
id87,A03Ia_20M_distribution,ind. github,A,Q1,40,63
id87,A04Ia_20M_graphe_avance,ind. github,A,Q1,33,55
id87,A05Ia_20M_transformation,ind. github,A,Q1,97,142
id87,A06Ga_20M_belgium_demo,group github,A,Q1,110,182
id87,A07Ga_20M_urchin,group github,A,Q2,62,85
id87,A08Ga_20M_human_health,group github,A,Q2,104,124
id87,A08Ia_20M_pea,ind. github,A,Q2,14,27
id87,A09Ia_20M_cardiovascular,ind. github,A,Q2,16,26
id87,A11Ia_20M_anova2,ind. github,A,Q2,24,34
id87,A12Ia_20M_correlation,ind. github,A,Q2,19,26
id89,A01Ia_20M_markdown,ind. github,A,Q1,42,45
id89,A02Ia_20M_nuagepoints,ind. github,A,Q1,27,33
id89,A02Ib_20M_workflow,ind. github,A,Q1,26,52
id89,A03Ga_20M_urchin,group github,A,Q1,120,183
id89,A03Ia_20M_distribution,ind. github,A,Q1,38,61
id89,A04Ia_20M_graphe_avance,ind. github,A,Q1,37,50
id89,A05Ia_20M_transformation,ind. github,A,Q1,57,76
id89,A06Ga_20M_belgium_demo,group github,A,Q1,88,364
id89,A07Ga_20M_urchin,group github,A,Q2,209,386
id89,A08Ga_20M_human_health,group github,A,Q2,340,924
id89,A08Ia_20M_pea,ind. github,A,Q2,85,135
id89,A09Ia_20M_cardiovascular,ind. github,A,Q2,3,33
id89,A11Ia_20M_anova2,ind. github,A,Q2,8,126
id89,A12Ia_20M_correlation,ind. github,A,Q2,2,41
id90,A01Ia_20M_markdown,ind. github,A,Q1,26,42
id90,A02Ia_20M_nuagepoints,ind. github,A,Q1,43,79
id90,A02Ib_20M_workflow,ind. github,A,Q1,5,33
id90,A03Ga_20M_urchin,group github,A,Q1,88,191
id90,A03Ia_20M_distribution,ind. github,A,Q1,69,106
id90,A04Ia_20M_graphe_avance,ind. github,A,Q1,63,74
id90,A05Ia_20M_transformation,ind. github,A,Q1,70,159
id90,A06Ga_20M_belgium_demo,group github,A,Q1,179,292
id90,A07Ga_20M_urchin,group github,A,Q2,90,130
id90,A08Ga_20M_human_health,group github,A,Q2,148,296
id90,A08Ia_20M_pea,ind. github,A,Q2,20,30
id90,A09Ia_20M_cardiovascular,ind. github,A,Q2,9,35
id90,A11Ia_20M_anova2,ind. github,A,Q2,87,132
id90,A12Ia_20M_correlation,ind. github,A,Q2,37,51
id91,A01Ia_20M_markdown,ind. github,A,Q1,33,55
id91,A02Ia_20M_nuagepoints,ind. github,A,Q1,32,45
id91,A02Ib_20M_workflow,ind. github,A,Q1,24,58
id91,A03Ga_20M_urchin,group github,A,Q1,136,216
id91,A03Ia_20M_distribution,ind. github,A,Q1,66,78
id91,A04Ia_20M_graphe_avance,ind. github,A,Q1,36,45
id91,A05Ia_20M_transformation,ind. github,A,Q1,85,116
id91,A06Ga_20M_belgium_demo,group github,A,Q1,151,257
id91,A07Ga_20M_urchin,group github,A,Q2,179,235
id91,A08Ga_20M_human_health,group github,A,Q2,543,939
id91,A08Ia_20M_pea,ind. github,A,Q2,60,85
id91,A09Ia_20M_cardiovascular,ind. github,A,Q2,66,114
id91,A11Ia_20M_anova2,ind. github,A,Q2,94,153
id91,A12Ia_20M_correlation,ind. github,A,Q2,28,33
id92,A01Ia_20M_markdown,ind. github,A,Q1,45,82
id92,A02Ia_20M_nuagepoints,ind. github,A,Q1,32,39
id92,A02Ib_20M_workflow,ind. github,A,Q1,22,56
id92,A03Ga_20M_urchin,group github,A,Q1,69,110
id92,A03Ia_20M_distribution,ind. github,A,Q1,44,54
id92,A04Ia_20M_graphe_avance,ind. github,A,Q1,44,55
id92,A05Ia_20M_transformation,ind. github,A,Q1,76,97
id92,A06Ga_20M_belgium_demo,group github,A,Q1,216,673
id92,A07Ga_20M_urchin,group github,A,Q2,90,168
id92,A08Ga_20M_human_health,group github,A,Q2,104,216
id92,A08Ia_20M_pea,ind. github,A,Q2,15,24
id92,A09Ia_20M_cardiovascular,ind. github,A,Q2,23,83
id92,A11Ia_20M_anova2,ind. github,A,Q2,49,122
id92,A12Ia_20M_correlation,ind. github,A,Q2,18,26
id93,A01Ia_20M_markdown,ind. github,A,Q1,26,38
id94,A01Ia_20M_markdown,ind. github,A,Q1,34,46
id94,A02Ia_20M_nuagepoints,ind. github,A,Q1,32,43
id94,A02Ib_20M_workflow,ind. github,A,Q1,54,120
id94,A03Ga_20M_urchin,group github,A,Q1,62,70
id94,A03Ia_20M_distribution,ind. github,A,Q1,53,74
id94,A04Ia_20M_graphe_avance,ind. github,A,Q1,40,50
id94,A05Ia_20M_transformation,ind. github,A,Q1,74,96
id94,A06Ga_20M_belgium_demo,group github,A,Q1,64,148
id94,A07Ga_20M_urchin,group github,A,Q2,36,97
id94,A08Ga_20M_human_health,group github,A,Q2,155,490
id94,A08Ia_20M_pea,ind. github,A,Q2,28,36
id94,A09Ia_20M_cardiovascular,ind. github,A,Q2,27,36
id94,A11Ia_20M_anova2,ind. github,A,Q2,4,71
id94,A12Ia_20M_correlation,ind. github,A,Q2,6,30
id95,A01Ia_20M_markdown,ind. github,A,Q1,34,38
id95,A02Ia_20M_nuagepoints,ind. github,A,Q1,18,28
id95,A02Ib_20M_workflow,ind. github,A,Q1,6,69
id95,A03Ga_20M_urchin,group github,A,Q1,21,29
id95,A03Ia_20M_distribution,ind. github,A,Q1,43,64
id95,A04Ia_20M_graphe_avance,ind. github,A,Q1,42,64
id95,A05Ia_20M_transformation,ind. github,A,Q1,70,101
id95,A06Ga_20M_belgium_demo,group github,A,Q1,33,52
id95,A07Ga_20M_urchin,group github,A,Q2,134,148
id95,A08Ga_20M_human_health,group github,A,Q2,1,2
id95,A08Ia_20M_pea,ind. github,A,Q2,19,28
id95,A09Ia_20M_cardiovascular,ind. github,A,Q2,26,42
id95,A11Ia_20M_anova2,ind. github,A,Q2,25,58
id95,A12Ia_20M_correlation,ind. github,A,Q2,2,25
id96,A02Ia_20M_nuagepoints,ind. github,A,Q1,43,63
id96,A02Ib_20M_workflow,ind. github,A,Q1,33,117
id96,A03Ga_20M_urchin,group github,A,Q1,59,76
id96,A03Ia_20M_distribution,ind. github,A,Q1,60,74
id96,A04Ia_20M_graphe_avance,ind. github,A,Q1,82,126
id96,A05Ia_20M_transformation,ind. github,A,Q1,83,117
id96,A06Ga_20M_belgium_demo,group github,A,Q1,299,464
id96,A07Ga_20M_urchin,group github,A,Q2,301,522
id96,A08Ga_20M_human_health,group github,A,Q2,484,862
id96,A08Ia_20M_pea,ind. github,A,Q2,36,52
id96,A09Ia_20M_cardiovascular,ind. github,A,Q2,64,83
id96,A11Ia_20M_anova2,ind. github,A,Q2,89,119
id96,A12Ia_20M_correlation,ind. github,A,Q2,30,38
id97,A01Ia_20M_markdown,ind. github,A,Q1,39,54
id97,A02Ia_20M_nuagepoints,ind. github,A,Q1,31,44
id97,A02Ib_20M_workflow,ind. github,A,Q1,9,74
id97,A03Ga_20M_urchin,group github,A,Q1,241,295
id97,A03Ia_20M_distribution,ind. github,A,Q1,69,83
id97,A04Ia_20M_graphe_avance,ind. github,A,Q1,55,70
id97,A05Ia_20M_transformation,ind. github,A,Q1,126,166
id97,A06Ga_20M_belgium_demo,group github,A,Q1,171,228
id97,A07Ga_20M_urchin,group github,A,Q2,204,271
id97,A08Ga_20M_human_health,group github,A,Q2,338,426
id97,A08Ia_20M_pea,ind. github,A,Q2,34,41
id97,A09Ia_20M_cardiovascular,ind. github,A,Q2,44,62
id97,A11Ia_20M_anova2,ind. github,A,Q2,70,96
id97,A12Ia_20M_correlation,ind. github,A,Q2,27,41
id98,A01Ia_20M_markdown,ind. github,A,Q1,31,33
id98,A03Ga_20M_urchin,group github,A,Q1,52,80
id98,A04Ia_20M_graphe_avance,ind. github,A,Q1,40,48
id98,A06Ga_20M_belgium_demo,group github,A,Q1,98,105
id98,A08Ga_20M_human_health,group github,A,Q2,256,348
id98,A08Ia_20M_pea,ind. github,A,Q2,24,41
id98,A09Ia_20M_cardiovascular,ind. github,A,Q2,15,23
id98,A11Ia_20M_anova2,ind. github,A,Q2,35,51
id98,A12Ia_20M_correlation,ind. github,A,Q2,15,22
id99,A01Ia_20M_markdown,ind. github,A,Q1,61,79
id99,A02Ia_20M_nuagepoints,ind. github,A,Q1,37,51
id99,A02Ib_20M_workflow,ind. github,A,Q1,21,88
id99,A03Ga_20M_urchin,group github,A,Q1,20,27
id99,A03Ia_20M_distribution,ind. github,A,Q1,57,67
id99,A04Ia_20M_graphe_avance,ind. github,A,Q1,42,61
id99,A05Ia_20M_transformation,ind. github,A,Q1,90,97
id99,A06Ga_20M_belgium_demo,group github,A,Q1,77,255
id99,A07Ga_20M_urchin,group github,A,Q2,75,100
id99,A08Ga_20M_human_health,group github,A,Q2,146,248
id99,A08Ia_20M_pea,ind. github,A,Q2,31,43
id99,A09Ia_20M_cardiovascular,ind. github,A,Q2,6,39
id99,A11Ia_20M_anova2,ind. github,A,Q2,45,119
id99,A12Ia_20M_correlation,ind. github,A,Q2,3,38
